a,b,c,d,odds_ratio,p_value
20,27,165,288,1.292929292929293,0.24970244760078045
